﻿<?xml version="1.0" encoding="utf-8"?>
<CommandDictionary xmlns:xsi="http://www.w3.org/2001/XMLSchema-instance" xmlns:xsd="http://www.w3.org/2001/XMLSchema">
  <Commands>
    <CommandDefinition>
      <Name>up</Name>
      <ConnectionType>Any</ConnectionType>
      <ResponseType>OK</ResponseType>
      <IsCustomCommand>false</IsCustomCommand>
      <MockResponse>ok</MockResponse>
      <Arguments>
        <ArgumentDefinition>
          <Name>distance</Name>
          <ArgumentType>Number</ArgumentType>
          <Minimum>20</Minimum>
          <Maximum>500</Maximum>
          <AllowedValues />
        </ArgumentDefinition>
      </Arguments>
    </CommandDefinition>
  </Commands>
</CommandDictionary>
